patient_id,birth_year,gender
PAT00001,1961,Female
PAT00002,2003,Male
PAT00003,1959,Male
PAT00004,2000,Male
PAT00005,1975,Female
PAT00006,1957,Male
PAT00007,1965,Male
PAT00008,1980,Male
PAT00009,1998,Female
PAT00010,1986,Male
PAT00011,2010,Male
PAT00012,2005,Male
PAT00013,1997,Female
PAT00014,1985,Female
PAT00015,1962,Male
PAT00016,1971,Female
PAT00017,1949,Male
PAT00018,1968,Female
PAT00019,2010,Female
PAT00020,1972,Male
PAT00021,1948,Female
PAT00022,1989,Female
PAT00023,2013,Male
PAT00024,2005,Male
PAT00025,1960,Male
PAT00026,1974,Female
PAT00027,1980,Female
PAT00028,1958,Male
PAT00029,1960,Female
PAT00030,1957,Female
PAT00031,2015,Female
PAT00032,1996,Male
PAT00033,2003,Male
PAT00034,2002,Male
PAT00035,2012,Male
PAT00036,1948,Female
PAT00037,2007,Female
PAT00038,1945,Female
PAT00039,1976,Female
PAT00040,1985,Female
PAT00041,1967,Female
PAT00042,1951,Female
PAT00043,1954,Male
PAT00044,2002,Male
PAT00045,1964,Female
PAT00046,1963,Female
PAT00047,2010,Male
PAT00048,1950,Male
PAT00049,2009,Male
PAT00050,2009,Female
PAT00051,1985,Male
PAT00052,1952,Female
PAT00053,1951,Female
PAT00054,1961,Female
PAT00055,1983,Female
PAT00056,1951,Female
PAT00057,1974,Female
PAT00058,1948,Male
PAT00059,1981,Female
PAT00060,1941,Female
PAT00061,1993,Female
PAT00062,1944,Female
PAT00063,1954,Female
PAT00064,1953,Female
PAT00065,2003,Female
PAT00066,1944,Male
PAT00067,1972,Male
PAT00068,1984,Female
PAT00069,1979,Male
PAT00070,1991,Male
PAT00071,2001,Other/Unknown
PAT00072,1969,Male
PAT00073,2002,Male
PAT00074,1964,Male
PAT00075,2014,Male
PAT00076,1978,Female
PAT00077,1995,Female
PAT00078,2006,Female
PAT00079,2000,Female
PAT00080,2004,Female
PAT00081,1980,Female
PAT00082,1943,Male
PAT00083,1977,Male
PAT00084,1953,Male
PAT00085,2007,Female
PAT00086,1957,Female
PAT00087,1957,Male
PAT00088,1958,Male
PAT00089,1988,Other/Unknown
PAT00090,1983,Male
PAT00091,2012,Male
PAT00092,1971,Female
PAT00093,1961,Female
PAT00094,1943,Female
PAT00095,1940,Male
PAT00096,1968,Male
PAT00097,2010,Female
PAT00098,1979,Male
PAT00099,2007,Female
PAT00100,1947,Female
PAT00101,1947,Female
PAT00102,2003,Female
PAT00103,1948,Male
PAT00104,1943,Female
PAT00105,1970,Male
PAT00106,2010,Male
PAT00107,1992,Female
PAT00108,1947,Female
PAT00109,2003,Male
PAT00110,2004,Female
PAT00111,2000,Male
PAT00112,2008,Female
PAT00113,1958,Male
PAT00114,2014,Male
PAT00115,1964,Female
PAT00116,2000,Female
PAT00117,1984,Male
PAT00118,1999,Female
PAT00119,1987,Female
PAT00120,1988,Female
PAT00121,1986,Female
PAT00122,1999,Male
PAT00123,1996,Male
PAT00124,1950,Female
PAT00125,2002,Male
PAT00126,1980,Female
PAT00127,1964,Female
PAT00128,1979,Male
PAT00129,2013,Other/Unknown
PAT00130,2005,Female
PAT00131,2003,Female
PAT00132,1975,Male
PAT00133,1999,Male
PAT00134,1969,Female
PAT00135,1992,Female
PAT00136,1988,Male
PAT00137,1958,Female
PAT00138,1960,Female
PAT00139,1944,Female
PAT00140,1950,Female
PAT00141,1972,Female
PAT00142,1976,Male
PAT00143,1952,Male
PAT00144,1971,Male
PAT00145,1985,Other/Unknown
PAT00146,1957,Female
PAT00147,1965,Female
PAT00148,1967,Male
PAT00149,1978,Female
PAT00150,1967,Male
PAT00151,1996,Male
PAT00152,1964,Female
PAT00153,1972,Female
PAT00154,1968,Female
PAT00155,1953,Female
PAT00156,1992,Female
PAT00157,1957,Female
PAT00158,1962,Male
PAT00159,2000,Male
PAT00160,2012,Male
PAT00161,1990,Female
PAT00162,2009,Female
PAT00163,2004,Female
PAT00164,1976,Female
PAT00165,1998,Male
PAT00166,1964,Female
PAT00167,1974,Female
PAT00168,1980,Male
PAT00169,2012,Female
PAT00170,2004,Female
PAT00171,1977,Female
PAT00172,1989,Male
PAT00173,1955,Male
PAT00174,2001,Female
PAT00175,1982,Male
PAT00176,1980,Male
PAT00177,1998,Male
PAT00178,1988,Female
PAT00179,1945,Female
PAT00180,1961,Male
PAT00181,1953,Female
PAT00182,1995,Male
PAT00183,1942,Male
PAT00184,1955,Female
PAT00185,1985,Male
PAT00186,1992,Male
PAT00187,1978,Male
PAT00188,2005,Female
PAT00189,2009,Male
PAT00190,1950,Male
PAT00191,2012,Male
PAT00192,1986,Male
PAT00193,1988,Male
PAT00194,1947,Female
PAT00195,1987,Female
PAT00196,1995,Female
PAT00197,1984,Female
PAT00198,1946,Female
PAT00199,1979,Male
PAT00200,2011,Female
PAT00201,1994,Male
PAT00202,1950,Male
PAT00203,2012,Female
PAT00204,2012,Male
PAT00205,1952,Male
PAT00206,2000,Male
PAT00207,1970,Female
PAT00208,1985,Male
PAT00209,1973,Male
PAT00210,1999,Male
PAT00211,2015,Male
PAT00212,2000,Other/Unknown
PAT00213,2010,Female
PAT00214,2011,Male
PAT00215,1946,Female
PAT00216,1959,Other/Unknown
PAT00217,1994,Female
PAT00218,1984,Female
PAT00219,1943,Male
PAT00220,1947,Female
PAT00221,1979,Male
PAT00222,1986,Female
PAT00223,1952,Male
PAT00224,1953,Male
PAT00225,1949,Female
PAT00226,1982,Male
PAT00227,1940,Female
PAT00228,1983,Male
PAT00229,1976,Male
PAT00230,1975,Male
PAT00231,1991,Female
PAT00232,1979,Female
PAT00233,1995,Male
PAT00234,1998,Male
PAT00235,2009,Female
PAT00236,2000,Female
PAT00237,1979,Female
PAT00238,1977,Male
PAT00239,1957,Female
PAT00240,1985,Female
PAT00241,1950,Male
PAT00242,2010,Female
PAT00243,2004,Male
PAT00244,1949,Female
PAT00245,1999,Male
PAT00246,1948,Male
PAT00247,1994,Male
PAT00248,1946,Female
PAT00249,1977,Male
PAT00250,1989,Male
PAT00251,1995,Female
PAT00252,1971,Female
PAT00253,2010,Female
PAT00254,1998,Male
PAT00255,1955,Male
PAT00256,1991,Male
PAT00257,1995,Male
PAT00258,1965,Male
PAT00259,1996,Female
PAT00260,2008,Female
PAT00261,2002,Male
PAT00262,1997,Female
PAT00263,1988,Male
PAT00264,1960,Male
PAT00265,2000,Female
PAT00266,1967,Male
PAT00267,1980,Female
PAT00268,1963,Male
PAT00269,1963,Male
PAT00270,1951,Male
PAT00271,2013,Female
PAT00272,1951,Female
PAT00273,1946,Female
PAT00274,2011,Female
PAT00275,1982,Female
PAT00276,1973,Female
PAT00277,1996,Other/Unknown
PAT00278,1969,Female
PAT00279,1949,Female
PAT00280,1995,Male
PAT00281,1953,Male
PAT00282,1982,Male
PAT00283,2012,Male
PAT00284,2011,Male
PAT00285,1967,Male
PAT00286,1999,Male
PAT00287,1986,Male
PAT00288,1976,Female
PAT00289,1950,Female
PAT00290,1968,Female
PAT00291,1989,Female
PAT00292,2014,Male
PAT00293,1940,Female
PAT00294,1994,Female
PAT00295,2004,Female
PAT00296,2012,Male
PAT00297,1972,Female
PAT00298,1949,Male
PAT00299,1960,Male
PAT00300,2004,Female
PAT00301,2006,Male
PAT00302,1988,Female
PAT00303,1949,Female
PAT00304,1949,Male
PAT00305,1976,Male
PAT00306,1984,Female
PAT00307,1942,Male
PAT00308,1992,Female
PAT00309,1981,Male
PAT00310,1940,Male
PAT00311,1947,Male
PAT00312,1974,Male
PAT00313,1994,Female
PAT00314,2002,Male
PAT00315,1972,Male
PAT00316,1962,Male
PAT00317,2013,Female
PAT00318,1974,Female
PAT00319,1963,Female
PAT00320,1973,Female
PAT00321,1940,Female
PAT00322,1962,Female
PAT00323,1979,Male
PAT00324,2009,Female
PAT00325,1996,Male
PAT00326,1999,Male
PAT00327,1981,Male
PAT00328,1948,Female
PAT00329,1969,Female
PAT00330,2015,Male
PAT00331,1943,Male
PAT00332,2006,Female
PAT00333,1992,Male
PAT00334,1961,Male
PAT00335,1999,Male
PAT00336,2003,Female
PAT00337,1943,Male
PAT00338,1948,Female
PAT00339,1990,Male
PAT00340,2015,Female
PAT00341,1941,Female
PAT00342,1990,Male
PAT00343,1950,Female
PAT00344,1989,Female
PAT00345,1987,Female
PAT00346,1946,Female
PAT00347,1991,Female
PAT00348,2008,Female
PAT00349,2005,Male
PAT00350,1942,Male
PAT00351,1958,Female
PAT00352,1958,Male
PAT00353,1974,Female
PAT00354,1950,Male
PAT00355,2004,Female
PAT00356,1999,Male
PAT00357,2001,Female
PAT00358,1955,Male
PAT00359,1941,Female
PAT00360,2009,Male
PAT00361,1961,Female
PAT00362,1989,Male
PAT00363,2009,Female
PAT00364,1942,Male
PAT00365,1940,Male
PAT00366,1940,Other/Unknown
PAT00367,1951,Female
PAT00368,1943,Female
PAT00369,2002,Female
PAT00370,1986,Female
PAT00371,2014,Male
PAT00372,2000,Other/Unknown
PAT00373,2013,Other/Unknown
PAT00374,1958,Male
PAT00375,1961,Male
PAT00376,2004,Male
PAT00377,1958,Male
PAT00378,1944,Female
PAT00379,1990,Male
PAT00380,2000,Male
PAT00381,2013,Female
PAT00382,2010,Female
PAT00383,1949,Other/Unknown
PAT00384,1998,Other/Unknown
PAT00385,2004,Male
PAT00386,1993,Male
PAT00387,2002,Female
PAT00388,2003,Female
PAT00389,1973,Male
PAT00390,1943,Male
PAT00391,1974,Female
PAT00392,1955,Male
PAT00393,1948,Female
PAT00394,1949,Male
PAT00395,1993,Female
PAT00396,1978,Female
PAT00397,1981,Female
PAT00398,1996,Female
PAT00399,1981,Male
PAT00400,1987,Female
PAT00401,1946,Female
PAT00402,2004,Male
PAT00403,1974,Male
PAT00404,1951,Female
PAT00405,2001,Female
PAT00406,1995,Female
PAT00407,1944,Male
PAT00408,1954,Female
PAT00409,1941,Female
PAT00410,1960,Female
PAT00411,1947,Male
PAT00412,1993,Female
PAT00413,1979,Male
PAT00414,2014,Female
PAT00415,1996,Male
PAT00416,1986,Female
PAT00417,1978,Female
PAT00418,1944,Female
PAT00419,1945,Male
PAT00420,1986,Male
PAT00421,1940,Female
PAT00422,1943,Female
PAT00423,1956,Male
PAT00424,2007,Male
PAT00425,1974,Female
PAT00426,1993,Female
PAT00427,1971,Male
PAT00428,1953,Male
PAT00429,1968,Male
PAT00430,1946,Male
PAT00431,1998,Female
PAT00432,1953,Female
PAT00433,1968,Female
PAT00434,2014,Female
PAT00435,1984,Female
PAT00436,1974,Female
PAT00437,1981,Female
PAT00438,1999,Male
PAT00439,1959,Female
PAT00440,1988,Female
PAT00441,2006,Male
PAT00442,1983,Male
PAT00443,1973,Male
PAT00444,1951,Male
PAT00445,1958,Male
PAT00446,2011,Female
PAT00447,1981,Female
PAT00448,1962,Male
PAT00449,1971,Female
PAT00450,1983,Female
PAT00451,1980,Female
PAT00452,1993,Female
PAT00453,1959,Female
PAT00454,1989,Female
PAT00455,1973,Male
PAT00456,2011,Male
PAT00457,1952,Female
PAT00458,1951,Male
PAT00459,1975,Female
PAT00460,1978,Male
PAT00461,1992,Male
PAT00462,1970,Female
PAT00463,2009,Male
PAT00464,1976,Male
PAT00465,1949,Male
PAT00466,1949,Male
PAT00467,2013,Male
PAT00468,1950,Female
PAT00469,2012,Male
PAT00470,1961,Male
PAT00471,1947,Male
PAT00472,1963,Female
PAT00473,1986,Male
PAT00474,1972,Female
PAT00475,1999,Male
PAT00476,1986,Female
PAT00477,1970,Male
PAT00478,1988,Male
PAT00479,2013,Female
PAT00480,1971,Female
PAT00481,1951,Female
PAT00482,1971,Male
PAT00483,2003,Male
PAT00484,1956,Female
PAT00485,2012,Female
PAT00486,1984,Female
PAT00487,1985,Female
PAT00488,1964,Male
PAT00489,2009,Male
PAT00490,1942,Female
PAT00491,1962,Male
PAT00492,1971,Female
PAT00493,1976,Male
PAT00494,1976,Female
PAT00495,1951,Male
PAT00496,1957,Male
PAT00497,1947,Female
PAT00498,1983,Male
PAT00499,1966,Other/Unknown
PAT00500,1982,Female
PAT00501,1984,Female
PAT00502,1993,Male
PAT00503,1981,Female
PAT00504,1989,Female
PAT00505,1984,Female
PAT00506,1989,Male
PAT00507,1986,Female
PAT00508,1964,Female
PAT00509,1958,Male
PAT00510,1999,Male
PAT00511,1966,Male
PAT00512,1981,Female
PAT00513,1954,Male
PAT00514,1972,Male
PAT00515,1980,Female
PAT00516,1987,Male
PAT00517,1980,Female
PAT00518,1967,Female
PAT00519,2013,Female
PAT00520,1978,Male
PAT00521,2001,Female
PAT00522,1995,Female
PAT00523,1982,Female
PAT00524,2007,Female
PAT00525,1949,Female
PAT00526,2010,Male
PAT00527,2004,Female
PAT00528,1978,Female
PAT00529,1995,Male
PAT00530,1979,Female
PAT00531,1960,Male
PAT00532,2000,Female
PAT00533,1958,Female
PAT00534,1963,Female
PAT00535,1979,Female
PAT00536,2003,Female
PAT00537,1969,Male
PAT00538,1977,Female
PAT00539,1943,Male
PAT00540,1948,Male
PAT00541,1944,Female
PAT00542,1945,Male
PAT00543,2006,Female
PAT00544,2003,Female
PAT00545,2002,Female
PAT00546,1944,Male
PAT00547,1945,Male
PAT00548,1961,Female
PAT00549,1982,Male
PAT00550,1965,Male
PAT00551,1977,Female
PAT00552,1953,Male
PAT00553,1995,Male
PAT00554,1963,Male
PAT00555,1945,Other/Unknown
PAT00556,1996,Female
PAT00557,2008,Female
PAT00558,1941,Male
PAT00559,1973,Female
PAT00560,2002,Female
PAT00561,1993,Other/Unknown
PAT00562,2005,Female
PAT00563,1971,Female
PAT00564,1968,Male
PAT00565,1993,Female
PAT00566,1951,Female
PAT00567,1958,Male
PAT00568,1985,Female
PAT00569,1990,Female
PAT00570,1949,Female
PAT00571,1978,Male
PAT00572,1967,Female
PAT00573,1978,Female
PAT00574,2012,Female
PAT00575,1945,Female
PAT00576,2015,Male
PAT00577,1974,Female
PAT00578,1998,Male
PAT00579,1972,Female
PAT00580,1963,Female
PAT00581,1998,Male
PAT00582,1992,Female
PAT00583,1950,Female
PAT00584,1993,Male
PAT00585,1997,Female
PAT00586,1969,Male
PAT00587,2010,Male
PAT00588,1988,Female
PAT00589,1965,Female
PAT00590,1940,Female
PAT00591,1991,Female
PAT00592,1955,Female
PAT00593,1997,Male
PAT00594,1979,Female
PAT00595,1975,Male
PAT00596,1952,Female
PAT00597,1994,Female
PAT00598,1952,Female
PAT00599,1971,Male
PAT00600,2003,Female
PAT00601,2009,Female
PAT00602,2015,Male
PAT00603,2012,Male
PAT00604,1982,Female
PAT00605,1955,Male
PAT00606,2003,Female
PAT00607,2000,Female
PAT00608,2015,Female
PAT00609,1989,Female
PAT00610,1950,Female
PAT00611,1978,Male
PAT00612,1974,Female
PAT00613,2004,Male
PAT00614,1969,Male
PAT00615,1964,Male
PAT00616,1946,Male
PAT00617,2003,Male
PAT00618,1997,Other/Unknown
PAT00619,1943,Female
PAT00620,1972,Female
PAT00621,1976,Male
PAT00622,1975,Male
PAT00623,2009,Female
PAT00624,1951,Male
PAT00625,1963,Female
PAT00626,1953,Male
PAT00627,1958,Female
PAT00628,2008,Female
PAT00629,2011,Female
PAT00630,1943,Female
PAT00631,1988,Female
PAT00632,1957,Female
PAT00633,1954,Female
PAT00634,1962,Female
PAT00635,1954,Female
PAT00636,1977,Female
PAT00637,2015,Female
PAT00638,1984,Female
PAT00639,1994,Female
PAT00640,1977,Female
PAT00641,1941,Female
PAT00642,1946,Male
PAT00643,1960,Other/Unknown
PAT00644,1958,Male
PAT00645,2003,Female
PAT00646,2004,Male
PAT00647,2004,Female
PAT00648,1988,Male
PAT00649,1982,Male
PAT00650,1989,Male
PAT00651,1970,Male
PAT00652,1990,Female
PAT00653,2000,Male
PAT00654,1997,Male
PAT00655,1986,Female
PAT00656,1944,Male
PAT00657,1995,Female
PAT00658,1967,Other/Unknown
PAT00659,1996,Male
PAT00660,1981,Female
PAT00661,2006,Male
PAT00662,1965,Female
PAT00663,2010,Male
PAT00664,2004,Male
PAT00665,1965,Male
PAT00666,1976,Male
PAT00667,1980,Female
PAT00668,1998,Female
PAT00669,1992,Female
PAT00670,2004,Female
PAT00671,1968,Female
PAT00672,1978,Female
PAT00673,1972,Female
PAT00674,2009,Female
PAT00675,1963,Male
PAT00676,1984,Female
PAT00677,1949,Male
PAT00678,2004,Female
PAT00679,1969,Female
PAT00680,1965,Female
PAT00681,1984,Female
PAT00682,1977,Female
PAT00683,2004,Female
PAT00684,1980,Female
PAT00685,1979,Female
PAT00686,1947,Male
PAT00687,1941,Female
PAT00688,1970,Male
PAT00689,2015,Female
PAT00690,2009,Male
PAT00691,1987,Male
PAT00692,1987,Male
PAT00693,1969,Male
PAT00694,1953,Female
PAT00695,1940,Male
PAT00696,1965,Female
PAT00697,1964,Male
PAT00698,1954,Male
PAT00699,1959,Female
PAT00700,1941,Male
PAT00701,1986,Female
PAT00702,2010,Male
PAT00703,1992,Male
PAT00704,1974,Female
PAT00705,1971,Male
PAT00706,1963,Male
PAT00707,1950,Female
PAT00708,1985,Male
PAT00709,1983,Female
PAT00710,1940,Male
PAT00711,1971,Female
PAT00712,1961,Male
PAT00713,1952,Male
PAT00714,1993,Female
PAT00715,1979,Female
PAT00716,1988,Male
PAT00717,1994,Male
PAT00718,2014,Female
PAT00719,2001,Female
PAT00720,1987,Female
PAT00721,2006,Other/Unknown
PAT00722,1976,Female
PAT00723,2014,Male
PAT00724,1997,Female
PAT00725,1989,Male
PAT00726,2008,Female
PAT00727,1979,Female
PAT00728,1994,Male
PAT00729,1961,Male
PAT00730,2013,Female
PAT00731,1987,Female
PAT00732,1999,Female
PAT00733,1975,Female
PAT00734,2005,Female
PAT00735,1945,Male
PAT00736,1948,Female
PAT00737,1978,Male
PAT00738,1995,Female
PAT00739,2001,Female
PAT00740,1973,Male
PAT00741,1989,Female
PAT00742,1982,Male
PAT00743,2013,Female
PAT00744,1989,Male
PAT00745,1971,Male
PAT00746,2013,Male
PAT00747,1948,Female
PAT00748,2014,Female
PAT00749,1951,Female
PAT00750,1961,Male
PAT00751,2002,Female
PAT00752,1995,Female
PAT00753,2013,Female
PAT00754,1996,Female
PAT00755,1988,Female
PAT00756,1966,Female
PAT00757,1940,Female
PAT00758,1949,Male
PAT00759,1962,Female
PAT00760,1943,Female
PAT00761,1978,Male
PAT00762,1999,Male
PAT00763,2013,Female
PAT00764,1977,Male
PAT00765,2006,Male
PAT00766,2014,Male
PAT00767,2005,Male
PAT00768,1975,Male
PAT00769,1964,Female
PAT00770,2014,Female
PAT00771,1958,Male
PAT00772,1971,Other/Unknown
PAT00773,1945,Female
PAT00774,2000,Female
PAT00775,1989,Male
PAT00776,1946,Female
PAT00777,1956,Male
PAT00778,1982,Female
PAT00779,1981,Male
PAT00780,2000,Male
PAT00781,1960,Male
PAT00782,2010,Male
PAT00783,1973,Male
PAT00784,2002,Male
PAT00785,1958,Male
PAT00786,1942,Female
PAT00787,1944,Male
PAT00788,1968,Female
PAT00789,2012,Male
PAT00790,1943,Male
PAT00791,1968,Female
PAT00792,1948,Female
PAT00793,2010,Female
PAT00794,1991,Male
PAT00795,1997,Female
PAT00796,1994,Female
PAT00797,1989,Male
PAT00798,1998,Male
PAT00799,1940,Female
PAT00800,2005,Female
PAT00801,1996,Male
PAT00802,1996,Male
PAT00803,1969,Male
PAT00804,2000,Female
PAT00805,1969,Female
PAT00806,1943,Female
PAT00807,2008,Male
PAT00808,1957,Female
PAT00809,1947,Female
PAT00810,1987,Male
PAT00811,1957,Male
PAT00812,2005,Male
PAT00813,1973,Female
PAT00814,1940,Female
PAT00815,2012,Female
PAT00816,1979,Female
PAT00817,1959,Male
PAT00818,1991,Female
PAT00819,1980,Male
PAT00820,1942,Male
PAT00821,1997,Other/Unknown
PAT00822,1970,Female
PAT00823,1993,Female
PAT00824,2008,Female
PAT00825,1986,Female
PAT00826,1991,Female
PAT00827,1959,Female
PAT00828,1958,Male
PAT00829,1971,Female
PAT00830,2004,Male
PAT00831,1979,Female
PAT00832,1966,Female
PAT00833,1999,Female
PAT00834,2004,Female
PAT00835,2008,Female
PAT00836,1962,Other/Unknown
PAT00837,1993,Female
PAT00838,1984,Female
PAT00839,1974,Male
PAT00840,1970,Female
PAT00841,1948,Male
PAT00842,1960,Female
PAT00843,1981,Male
PAT00844,2007,Female
PAT00845,2005,Female
PAT00846,1954,Male
PAT00847,1991,Male
PAT00848,1946,Female
PAT00849,1991,Male
PAT00850,1965,Female
PAT00851,1974,Female
PAT00852,1994,Female
PAT00853,1972,Male
PAT00854,2001,Female
PAT00855,1980,Male
PAT00856,2015,Female
PAT00857,1988,Male
PAT00858,1962,Male
PAT00859,1998,Female
PAT00860,1971,Female
PAT00861,1980,Female
PAT00862,1950,Male
PAT00863,1949,Female
PAT00864,1983,Male
PAT00865,1954,Female
PAT00866,2015,Male
PAT00867,2005,Female
PAT00868,1993,Female
PAT00869,1995,Other/Unknown
PAT00870,1985,Female
PAT00871,1944,Male
PAT00872,1969,Female
PAT00873,1977,Female
PAT00874,2009,Male
PAT00875,1956,Male
PAT00876,1977,Male
PAT00877,1966,Female
PAT00878,1950,Female
PAT00879,1947,Female
PAT00880,1967,Male
PAT00881,1946,Female
PAT00882,1945,Female
PAT00883,1966,Female
PAT00884,1955,Female
PAT00885,1982,Female
PAT00886,1941,Female
PAT00887,1962,Male
PAT00888,1974,Male
PAT00889,2013,Female
PAT00890,1988,Male
PAT00891,2006,Male
PAT00892,1966,Female
PAT00893,1974,Female
PAT00894,1971,Female
PAT00895,2007,Female
PAT00896,2012,Male
PAT00897,2013,Other/Unknown
PAT00898,1997,Female
PAT00899,1978,Male
PAT00900,1981,Female
PAT00901,2014,Male
PAT00902,1961,Male
PAT00903,1966,Female
PAT00904,2008,Female
PAT00905,1969,Male
PAT00906,1957,Other/Unknown
PAT00907,1982,Female
PAT00908,1964,Female
PAT00909,2007,Female
PAT00910,2009,Male
PAT00911,1963,Male
PAT00912,1980,Male
PAT00913,2014,Male
PAT00914,1996,Male
PAT00915,1956,Male
PAT00916,1984,Female
PAT00917,1987,Male
PAT00918,1989,Female
PAT00919,1941,Female
PAT00920,1962,Male
PAT00921,2004,Male
PAT00922,1958,Male
PAT00923,1962,Female
PAT00924,1964,Male
PAT00925,1953,Female
PAT00926,1951,Female
PAT00927,1966,Female
PAT00928,2006,Male
PAT00929,1940,Female
PAT00930,1961,Male
PAT00931,1944,Female
PAT00932,1982,Female
PAT00933,1959,Male
PAT00934,2000,Female
PAT00935,1984,Male
PAT00936,1999,Male
PAT00937,1988,Female
PAT00938,1973,Male
PAT00939,2005,Male
PAT00940,1976,Male
PAT00941,2012,Male
PAT00942,2015,Male
PAT00943,1984,Male
PAT00944,1991,Female
PAT00945,1959,Male
PAT00946,2001,Male
PAT00947,1991,Male
PAT00948,2008,Male
PAT00949,1960,Female
PAT00950,1999,Male
PAT00951,1975,Other/Unknown
PAT00952,1954,Female
PAT00953,1953,Female
PAT00954,1982,Male
PAT00955,1964,Female
PAT00956,1947,Male
PAT00957,1972,Female
PAT00958,1989,Female
PAT00959,1964,Male
PAT00960,2012,Male
PAT00961,1999,Male
PAT00962,1978,Male
PAT00963,2011,Male
PAT00964,1972,Male
PAT00965,1950,Male
PAT00966,1942,Male
PAT00967,2011,Male
PAT00968,2012,Female
PAT00969,1996,Female
PAT00970,1947,Male
PAT00971,1962,Male
PAT00972,1943,Male
PAT00973,1943,Female
PAT00974,1958,Male
PAT00975,1983,Female
PAT00976,1944,Male
PAT00977,2014,Male
PAT00978,1974,Male
PAT00979,1960,Male
PAT00980,1979,Female
PAT00981,2000,Female
PAT00982,1963,Male
PAT00983,1943,Male
PAT00984,1943,Male
PAT00985,2004,Female
PAT00986,1948,Female
PAT00987,1988,Female
PAT00988,1969,Female
PAT00989,1999,Female
PAT00990,1944,Male
PAT00991,2008,Female
PAT00992,1993,Female
PAT00993,1974,Female
PAT00994,1955,Female
PAT00995,2014,Male
PAT00996,1962,Female
PAT00997,1977,Male
PAT00998,1969,Male
PAT00999,1957,Female
PAT01000,1971,Male
PAT01001,1951,Male
PAT01002,1940,Female
PAT01003,1962,Female
PAT01004,1948,Male
PAT01005,1971,Male
PAT01006,2005,Male
PAT01007,1952,Male
PAT01008,1940,Female
PAT01009,1948,Male
PAT01010,1978,Female
PAT01011,1960,Female
PAT01012,1977,Male
PAT01013,1942,Male
PAT01014,1965,Male
PAT01015,1971,Female
PAT01016,1972,Female
PAT01017,1981,Male
PAT01018,1999,Male
PAT01019,1975,Male
PAT01020,2003,Male
PAT01021,1980,Female
PAT01022,1959,Female
PAT01023,1957,Female
PAT01024,1964,Female
PAT01025,1985,Female
PAT01026,1958,Male
PAT01027,2009,Female
PAT01028,1976,Female
PAT01029,2005,Male
PAT01030,1991,Female
PAT01031,1965,Female
PAT01032,1957,Male
PAT01033,1996,Female
PAT01034,1965,Male
PAT01035,1958,Male
PAT01036,2010,Female
PAT01037,1976,Male
PAT01038,1943,Male
PAT01039,1977,Male
PAT01040,1975,Male
PAT01041,2005,Male
PAT01042,1994,Male
PAT01043,1954,Male
PAT01044,1951,Female
PAT01045,1985,Male
PAT01046,1943,Male
PAT01047,1964,Male
PAT01048,1950,Female
PAT01049,1941,Female
PAT01050,2009,Female
PAT01051,1946,Female
PAT01052,1940,Female
PAT01053,2010,Female
PAT01054,1954,Female
PAT01055,2002,Male
PAT01056,1942,Female
PAT01057,1951,Male
PAT01058,1948,Female
PAT01059,1993,Female
PAT01060,1987,Female
PAT01061,1976,Male
PAT01062,1958,Female
PAT01063,1946,Male
PAT01064,1983,Male
PAT01065,1957,Female
PAT01066,1984,Male
PAT01067,1992,Female
PAT01068,2004,Female
PAT01069,1977,Female
PAT01070,1940,Female
PAT01071,1961,Male
PAT01072,2004,Male
PAT01073,1980,Male
PAT01074,1987,Male
PAT01075,1974,Male
PAT01076,1952,Female
PAT01077,2008,Female
PAT01078,1998,Female
PAT01079,2015,Male
PAT01080,2005,Other/Unknown
PAT01081,1962,Female
PAT01082,1959,Male
PAT01083,1958,Male
PAT01084,2009,Male
PAT01085,1982,Male
PAT01086,1974,Male
PAT01087,2013,Male
PAT01088,1985,Male
PAT01089,2009,Female
PAT01090,2014,Male
PAT01091,1946,Female
PAT01092,1967,Male
PAT01093,1995,Female
PAT01094,2001,Female
PAT01095,1951,Female
PAT01096,1964,Female
PAT01097,1981,Female
PAT01098,2000,Female
PAT01099,1948,Female
PAT01100,1985,Female
PAT01101,1962,Male
PAT01102,1956,Male
PAT01103,1979,Male
PAT01104,1971,Female
PAT01105,1988,Female
PAT01106,1964,Male
PAT01107,2002,Female
PAT01108,1945,Female
PAT01109,2005,Male
PAT01110,1942,Male
PAT01111,1995,Female
PAT01112,1966,Male
PAT01113,1969,Female
PAT01114,1941,Male
PAT01115,1993,Female
PAT01116,1952,Female
PAT01117,1990,Male
PAT01118,1995,Female
PAT01119,2004,Male
PAT01120,1993,Female
PAT01121,1962,Male
PAT01122,1996,Male
PAT01123,2002,Female
PAT01124,1964,Male
PAT01125,1949,Female
PAT01126,2007,Female
PAT01127,1951,Female
PAT01128,1985,Male
PAT01129,1957,Male
PAT01130,1949,Male
PAT01131,1999,Male
PAT01132,1950,Male
PAT01133,1990,Female
PAT01134,1992,Male
PAT01135,1944,Male
PAT01136,1953,Female
PAT01137,2000,Male
PAT01138,1978,Female
PAT01139,1949,Female
PAT01140,2015,Female
PAT01141,1960,Female
PAT01142,1940,Female
PAT01143,2010,Male
PAT01144,1941,Male
PAT01145,1982,Male
PAT01146,2015,Female
PAT01147,1983,Female
PAT01148,1984,Female
PAT01149,1969,Male
PAT01150,1949,Female
PAT01151,1983,Male
PAT01152,2008,Male
PAT01153,1946,Male
PAT01154,2006,Male
PAT01155,1971,Female
PAT01156,1980,Male
PAT01157,1952,Male
PAT01158,1987,Male
PAT01159,1953,Male
PAT01160,1960,Male
PAT01161,1994,Other/Unknown
PAT01162,1943,Female
PAT01163,1973,Male
PAT01164,1985,Male
PAT01165,1950,Female
PAT01166,1962,Male
PAT01167,1966,Female
PAT01168,1990,Male
PAT01169,2014,Female
PAT01170,2003,Female
PAT01171,1954,Male
PAT01172,1941,Female
PAT01173,1943,Female
PAT01174,1985,Female
PAT01175,1951,Female
PAT01176,1957,Male
PAT01177,2004,Male
PAT01178,2006,Female
PAT01179,2003,Male
PAT01180,1959,Female
PAT01181,1987,Male
PAT01182,1986,Female
PAT01183,1954,Female
PAT01184,1982,Female
PAT01185,1979,Male
PAT01186,1970,Female
PAT01187,1997,Female
PAT01188,1991,Male
PAT01189,1980,Male
PAT01190,1995,Female
PAT01191,1997,Male
PAT01192,1983,Male
PAT01193,1960,Female
PAT01194,1997,Male
PAT01195,1994,Female
PAT01196,2014,Male
PAT01197,1951,Female
PAT01198,1971,Male
PAT01199,2010,Female
PAT01200,1979,Male
PAT01201,2011,Male
PAT01202,1940,Female
PAT01203,1942,Male
PAT01204,2000,Other/Unknown
PAT01205,1967,Male
PAT01206,1979,Female
PAT01207,1972,Male
PAT01208,1971,Female
PAT01209,2011,Female
PAT01210,1947,Male
PAT01211,1998,Male
PAT01212,2007,Male
PAT01213,1989,Female
PAT01214,1970,Male
PAT01215,1952,Male
PAT01216,1991,Female
PAT01217,1975,Male
PAT01218,1951,Female
PAT01219,1967,Female
PAT01220,2013,Male
PAT01221,1960,Male
PAT01222,1953,Female
PAT01223,1991,Female
PAT01224,1955,Female
PAT01225,2009,Male
PAT01226,2005,Female
PAT01227,2014,Female
PAT01228,2009,Other/Unknown
PAT01229,1958,Female
PAT01230,1956,Male
PAT01231,1966,Male
PAT01232,1975,Male
PAT01233,2006,Female
PAT01234,1995,Female
PAT01235,1988,Female
PAT01236,2006,Male
PAT01237,1989,Male
PAT01238,1968,Female
PAT01239,1971,Female
PAT01240,1979,Male
PAT01241,1946,Female
PAT01242,1996,Female
PAT01243,1989,Male
PAT01244,1995,Female
PAT01245,1980,Female
PAT01246,1999,Female
PAT01247,2012,Female
PAT01248,1983,Male
PAT01249,1973,Male
PAT01250,1947,Male
PAT01251,1999,Female
PAT01252,2008,Male
PAT01253,1993,Female
PAT01254,2005,Male
PAT01255,2005,Female
PAT01256,2000,Male
PAT01257,1978,Female
PAT01258,1947,Female
PAT01259,1940,Female
PAT01260,1955,Female
PAT01261,1972,Female
PAT01262,1996,Male
PAT01263,1974,Male
PAT01264,1941,Female
PAT01265,1955,Male
PAT01266,2014,Male
PAT01267,2015,Male
PAT01268,1968,Male
PAT01269,2001,Male
PAT01270,1994,Male
PAT01271,2010,Male
PAT01272,2007,Male
PAT01273,1987,Female
PAT01274,1969,Female
PAT01275,1987,Female
PAT01276,1964,Male
PAT01277,1966,Female
PAT01278,1986,Male
PAT01279,1983,Male
PAT01280,1984,Other/Unknown
PAT01281,1969,Female
PAT01282,1971,Male
PAT01283,1940,Male
PAT01284,1985,Female
PAT01285,1983,Male
PAT01286,2011,Female
PAT01287,1978,Male
PAT01288,1975,Male
PAT01289,1945,Female
PAT01290,1954,Female
PAT01291,1965,Female
PAT01292,1968,Female
PAT01293,1967,Male
PAT01294,1969,Female
PAT01295,1998,Female
PAT01296,1949,Male
PAT01297,1965,Male
PAT01298,1952,Male
PAT01299,1963,Male
PAT01300,1992,Female
PAT01301,1943,Male
PAT01302,1965,Female
PAT01303,1941,Male
PAT01304,2012,Other/Unknown
PAT01305,1995,Male
PAT01306,1958,Male
PAT01307,1955,Male
PAT01308,1947,Female
PAT01309,1975,Male
PAT01310,1997,Male
PAT01311,1984,Other/Unknown
PAT01312,2006,Female
PAT01313,1966,Female
PAT01314,1961,Male
PAT01315,1976,Female
PAT01316,1955,Female
PAT01317,2014,Female
PAT01318,1954,Male
PAT01319,1976,Female
PAT01320,1979,Female
PAT01321,1944,Female
PAT01322,1975,Male
PAT01323,1974,Male
PAT01324,1959,Female
PAT01325,1949,Female
PAT01326,1943,Male
PAT01327,1940,Female
PAT01328,1976,Male
PAT01329,1946,Female
PAT01330,2012,Male
PAT01331,1958,Female
PAT01332,1989,Male
PAT01333,1991,Female
PAT01334,1977,Male
PAT01335,2007,Other/Unknown
PAT01336,1948,Male
PAT01337,1957,Female
PAT01338,1959,Female
PAT01339,1950,Male
PAT01340,1962,Male
PAT01341,1963,Female
PAT01342,1998,Female
PAT01343,1962,Female
PAT01344,2006,Male
PAT01345,1998,Male
PAT01346,2008,Male
PAT01347,1947,Male
PAT01348,2014,Female
PAT01349,1986,Female
PAT01350,2014,Female
PAT01351,1966,Male
PAT01352,2012,Female
PAT01353,1984,Female
PAT01354,1945,Female
PAT01355,1971,Female
PAT01356,1950,Male
PAT01357,2011,Female
PAT01358,1963,Female
PAT01359,1956,Male
PAT01360,1982,Female
PAT01361,1972,Female
PAT01362,1947,Female
PAT01363,2002,Male
PAT01364,2004,Female
PAT01365,1996,Male
PAT01366,1986,Male
PAT01367,1970,Male
PAT01368,1981,Female
PAT01369,1979,Male
PAT01370,1952,Female
PAT01371,1946,Female
PAT01372,1959,Male
PAT01373,1974,Female
PAT01374,1952,Female
PAT01375,1948,Female
PAT01376,2004,Female
PAT01377,1968,Female
PAT01378,1984,Male
PAT01379,1979,Male
PAT01380,1995,Female
PAT01381,1996,Male
PAT01382,1962,Female
PAT01383,2004,Female
PAT01384,1968,Female
PAT01385,2003,Female
PAT01386,1970,Female
PAT01387,1948,Female
PAT01388,1997,Female
PAT01389,1942,Male
PAT01390,1998,Female
PAT01391,1943,Female
PAT01392,1955,Female
PAT01393,1985,Male
PAT01394,2011,Female
PAT01395,1971,Male
PAT01396,1949,Female
PAT01397,1957,Female
PAT01398,2008,Male
PAT01399,1995,Female
PAT01400,1947,Female
PAT01401,1969,Female
PAT01402,1960,Other/Unknown
PAT01403,1953,Male
PAT01404,2004,Male
PAT01405,1986,Other/Unknown
PAT01406,1953,Female
PAT01407,1989,Male
PAT01408,1971,Female
PAT01409,1944,Male
PAT01410,1974,Female
PAT01411,1954,Female
PAT01412,1958,Male
PAT01413,2006,Female
PAT01414,1993,Other/Unknown
PAT01415,1950,Female
PAT01416,2004,Male
PAT01417,1983,Male
PAT01418,2006,Female
PAT01419,1996,Male
PAT01420,1965,Male
PAT01421,1980,Male
PAT01422,1980,Female
PAT01423,1994,Male
PAT01424,1958,Male
PAT01425,1965,Female
PAT01426,1958,Female
PAT01427,1962,Female
PAT01428,1952,Male
PAT01429,1942,Female
PAT01430,2011,Male
PAT01431,1945,Other/Unknown
PAT01432,2007,Female
PAT01433,1940,Female
PAT01434,1999,Male
PAT01435,1964,Female
PAT01436,1979,Male
PAT01437,1961,Male
PAT01438,1977,Male
PAT01439,1974,Female
PAT01440,1980,Male
PAT01441,1969,Male
PAT01442,1980,Female
PAT01443,2002,Male
PAT01444,1973,Male
PAT01445,1967,Male
PAT01446,1950,Female
PAT01447,1967,Female
PAT01448,1949,Female
PAT01449,1953,Female
PAT01450,2012,Female
PAT01451,1946,Other/Unknown
PAT01452,1976,Female
PAT01453,2003,Male
PAT01454,2012,Female
PAT01455,1951,Female
PAT01456,1952,Female
PAT01457,1968,Female
PAT01458,1982,Male
PAT01459,2012,Male
PAT01460,1955,Male
PAT01461,1952,Female
PAT01462,1959,Male
PAT01463,2006,Female
PAT01464,1942,Male
PAT01465,1968,Male
PAT01466,1949,Female
PAT01467,1951,Female
PAT01468,2009,Female
PAT01469,1940,Female
PAT01470,1964,Male
PAT01471,2009,Male
PAT01472,1986,Male
PAT01473,1945,Female
PAT01474,1975,Male
PAT01475,2013,Female
PAT01476,1970,Male
PAT01477,1980,Female
PAT01478,1980,Female
PAT01479,1990,Male
PAT01480,1954,Female
PAT01481,2003,Female
PAT01482,2015,Male
PAT01483,1950,Female
PAT01484,2002,Male
PAT01485,2002,Female
PAT01486,1996,Male
PAT01487,1968,Male
PAT01488,1975,Male
PAT01489,2003,Male
PAT01490,1951,Male
PAT01491,2002,Male
PAT01492,2009,Female
PAT01493,1991,Female
PAT01494,1965,Male
PAT01495,1982,Female
PAT01496,1943,Female
PAT01497,2010,Female
PAT01498,1966,Male
PAT01499,1944,Female
PAT01500,2000,Male
PAT01501,1989,Male
PAT01502,1987,Male
PAT01503,1944,Female
PAT01504,1997,Male
PAT01505,1988,Male
PAT01506,2000,Female
PAT01507,2002,Male
PAT01508,1956,Female
PAT01509,1956,Male
PAT01510,2010,Female
PAT01511,1980,Male
PAT01512,1973,Male
PAT01513,1961,Female
PAT01514,1988,Male
PAT01515,1997,Female
PAT01516,1940,Male
PAT01517,1982,Male
PAT01518,2015,Female
PAT01519,1961,Female
PAT01520,1961,Male
PAT01521,2006,Female
PAT01522,1944,Male
PAT01523,1970,Male
PAT01524,1974,Male
PAT01525,2000,Female
PAT01526,1949,Male
PAT01527,1972,Male
PAT01528,1951,Female
PAT01529,1999,Female
PAT01530,1988,Female
PAT01531,1977,Female
PAT01532,1969,Male
PAT01533,1951,Female
PAT01534,2010,Male
PAT01535,1989,Female
PAT01536,1964,Female
PAT01537,1971,Female
PAT01538,1995,Male
PAT01539,1994,Male
PAT01540,1975,Female
PAT01541,1963,Male
PAT01542,1990,Female
PAT01543,1990,Female
PAT01544,1985,Female
PAT01545,1945,Other/Unknown
PAT01546,1975,Male
PAT01547,1986,Male
PAT01548,2012,Female
PAT01549,1979,Female
PAT01550,1966,Male
PAT01551,1982,Female
PAT01552,1953,Male
PAT01553,1946,Male
PAT01554,1991,Female
PAT01555,2014,Male
PAT01556,2004,Male
PAT01557,1984,Female
PAT01558,1943,Male
PAT01559,2015,Male
PAT01560,1974,Female
PAT01561,1962,Male
PAT01562,2007,Female
PAT01563,1996,Male
PAT01564,1996,Male
PAT01565,1961,Male
PAT01566,2015,Female
PAT01567,1974,Male
PAT01568,1980,Female
PAT01569,1997,Female
PAT01570,1990,Female
PAT01571,1953,Male
PAT01572,1962,Female
PAT01573,1967,Female
PAT01574,2012,Male
PAT01575,1994,Female
PAT01576,1967,Female
PAT01577,1995,Female
PAT01578,1996,Female
PAT01579,1969,Male
PAT01580,1970,Female
PAT01581,2007,Female
PAT01582,1982,Male
PAT01583,1951,Male
PAT01584,1994,Male
PAT01585,1984,Male
PAT01586,1978,Male
PAT01587,1995,Female
PAT01588,2008,Male
PAT01589,1965,Male
PAT01590,1971,Female
PAT01591,1954,Female
PAT01592,1989,Female
PAT01593,1970,Male
PAT01594,1966,Male
PAT01595,1992,Male
PAT01596,1971,Female
PAT01597,1975,Female
PAT01598,1973,Female
PAT01599,1959,Male
PAT01600,1949,Male
PAT01601,2002,Male
PAT01602,1946,Male
PAT01603,1964,Male
PAT01604,1990,Male
PAT01605,1949,Female
PAT01606,1989,Female
PAT01607,1995,Female
PAT01608,1990,Female
PAT01609,1963,Female
PAT01610,1941,Female
PAT01611,2007,Male
PAT01612,1964,Female
PAT01613,2001,Male
PAT01614,1955,Male
PAT01615,1952,Male
PAT01616,1999,Male
PAT01617,2011,Female
PAT01618,2005,Male
PAT01619,1997,Female
PAT01620,1958,Male
PAT01621,2009,Female
PAT01622,1990,Female
PAT01623,1953,Male
PAT01624,1949,Male
PAT01625,2006,Female
PAT01626,1960,Male
PAT01627,1998,Female
PAT01628,1950,Male
PAT01629,1961,Female
PAT01630,1961,Female
PAT01631,1961,Female
PAT01632,1991,Female
PAT01633,2009,Female
PAT01634,2009,Female
PAT01635,1996,Female
PAT01636,1955,Female
PAT01637,2013,Male
PAT01638,1981,Female
PAT01639,1981,Male
PAT01640,1993,Male
PAT01641,1998,Female
PAT01642,2012,Male
PAT01643,1984,Female
PAT01644,1986,Female
PAT01645,1996,Male
PAT01646,1959,Male
PAT01647,1963,Male
PAT01648,1987,Female
PAT01649,1944,Male
PAT01650,1964,Female
PAT01651,1994,Female
PAT01652,2014,Female
PAT01653,1979,Other/Unknown
PAT01654,1970,Female
PAT01655,1973,Male
PAT01656,1992,Male
PAT01657,1981,Male
PAT01658,1941,Male
PAT01659,1980,Male
PAT01660,1970,Female
PAT01661,1993,Female
PAT01662,2006,Male
PAT01663,2013,Female
PAT01664,1986,Female
PAT01665,1967,Female
PAT01666,1973,Female
PAT01667,1953,Female
PAT01668,2011,Female
PAT01669,2004,Male
PAT01670,2004,Female
PAT01671,1964,Other/Unknown
PAT01672,1964,Male
PAT01673,2005,Female
PAT01674,1981,Male
PAT01675,1993,Male
PAT01676,1977,Male
PAT01677,1973,Female
PAT01678,1988,Female
PAT01679,2001,Female
PAT01680,1965,Male
PAT01681,2001,Other/Unknown
PAT01682,1958,Male
PAT01683,1970,Male
PAT01684,2009,Other/Unknown
PAT01685,2012,Male
PAT01686,2010,Female
PAT01687,1964,Male
PAT01688,2004,Female
PAT01689,2011,Female
PAT01690,2014,Female
PAT01691,1941,Male
PAT01692,1996,Female
PAT01693,2015,Female
PAT01694,1998,Female
PAT01695,1957,Female
PAT01696,1997,Female
PAT01697,1947,Male
PAT01698,1976,Male
PAT01699,1987,Female
PAT01700,1974,Female
PAT01701,1993,Female
PAT01702,1958,Female
PAT01703,1986,Male
PAT01704,1989,Male
PAT01705,1988,Male
PAT01706,1961,Female
PAT01707,1963,Male
PAT01708,1959,Female
PAT01709,1975,Female
PAT01710,1984,Male
PAT01711,1967,Male
PAT01712,1971,Male
PAT01713,1961,Male
PAT01714,1956,Male
PAT01715,1989,Male
PAT01716,2002,Female
PAT01717,1962,Female
PAT01718,2005,Female
PAT01719,1983,Female
PAT01720,1952,Female
PAT01721,1967,Female
PAT01722,1940,Male
PAT01723,1942,Male
PAT01724,1965,Male
PAT01725,1974,Female
PAT01726,2000,Male
PAT01727,1950,Female
PAT01728,2003,Female
PAT01729,1957,Female
PAT01730,1950,Female
PAT01731,1993,Female
PAT01732,1998,Male
PAT01733,1985,Male
PAT01734,1948,Male
PAT01735,1948,Female
PAT01736,1969,Male
PAT01737,1974,Male
PAT01738,2015,Female
PAT01739,1961,Male
PAT01740,1954,Female
PAT01741,2011,Female
PAT01742,1951,Female
PAT01743,1942,Male
PAT01744,1972,Female
PAT01745,1970,Female
PAT01746,1987,Female
PAT01747,2006,Male
PAT01748,2010,Female
PAT01749,1962,Female
PAT01750,2014,Female
PAT01751,1988,Male
PAT01752,1945,Male
PAT01753,2011,Male
PAT01754,1950,Female
PAT01755,1984,Female
PAT01756,2000,Male
PAT01757,1958,Female
PAT01758,1960,Male
PAT01759,1976,Male
PAT01760,2007,Female
PAT01761,1956,Male
PAT01762,1990,Male
PAT01763,1974,Female
PAT01764,1948,Female
PAT01765,1994,Female
PAT01766,2003,Male
PAT01767,1983,Female
PAT01768,1953,Female
PAT01769,1951,Male
PAT01770,1972,Female
PAT01771,1978,Female
PAT01772,1981,Male
PAT01773,1958,Female
PAT01774,1978,Female
PAT01775,1962,Female
PAT01776,1992,Female
PAT01777,2000,Female
PAT01778,1989,Male
PAT01779,1940,Male
PAT01780,2015,Female
PAT01781,1941,Male
PAT01782,2015,Male
PAT01783,1942,Male
PAT01784,1979,Male
PAT01785,1948,Male
PAT01786,1947,Male
PAT01787,1991,Female
PAT01788,1995,Male
PAT01789,1948,Female
PAT01790,2014,Female
PAT01791,1964,Male
PAT01792,1964,Female
PAT01793,1962,Female
PAT01794,1975,Female
PAT01795,1953,Female
PAT01796,1972,Male
PAT01797,1955,Male
PAT01798,1943,Female
PAT01799,1968,Female
PAT01800,1991,Female
PAT01801,1997,Female
PAT01802,1966,Male
PAT01803,1964,Male
PAT01804,1999,Female
PAT01805,1991,Female
PAT01806,2003,Male
PAT01807,2008,Male
PAT01808,2002,Female
PAT01809,2011,Female
PAT01810,1971,Female
PAT01811,1969,Male
PAT01812,1964,Female
PAT01813,1957,Female
PAT01814,1996,Other/Unknown
PAT01815,1994,Male
PAT01816,2000,Female
PAT01817,1952,Female
PAT01818,1977,Female
PAT01819,1956,Male
PAT01820,2007,Female
PAT01821,1960,Male
PAT01822,1950,Male
PAT01823,1983,Male
PAT01824,2006,Male
PAT01825,2009,Female
PAT01826,1947,Female
PAT01827,1964,Male
PAT01828,1951,Female
PAT01829,1963,Female
PAT01830,1980,Female
PAT01831,1961,Female
PAT01832,1945,Female
PAT01833,1978,Male
PAT01834,1944,Male
PAT01835,1957,Male
PAT01836,1940,Male
PAT01837,1946,Female
PAT01838,1973,Male
PAT01839,2004,Female
PAT01840,1998,Female
PAT01841,1947,Male
PAT01842,1942,Female
PAT01843,1965,Female
PAT01844,1989,Female
PAT01845,1996,Female
PAT01846,2002,Female
PAT01847,1966,Male
PAT01848,1952,Male
PAT01849,1942,Female
PAT01850,1951,Male
PAT01851,1944,Female
PAT01852,2005,Male
PAT01853,1960,Female
PAT01854,2002,Female
PAT01855,1982,Female
PAT01856,1980,Male
PAT01857,1974,Male
PAT01858,2002,Male
PAT01859,1943,Male
PAT01860,1947,Female
PAT01861,1972,Female
PAT01862,1969,Female
PAT01863,1981,Female
PAT01864,1996,Female
PAT01865,1984,Female
PAT01866,1959,Female
PAT01867,1964,Male
PAT01868,1997,Female
PAT01869,1955,Male
PAT01870,1978,Male
PAT01871,1980,Female
PAT01872,1997,Female
PAT01873,1994,Male
PAT01874,1975,Male
PAT01875,1963,Female
PAT01876,1967,Female
PAT01877,1971,Male
PAT01878,1956,Male
PAT01879,1987,Female
PAT01880,1955,Female
PAT01881,1989,Male
PAT01882,1997,Female
PAT01883,2013,Male
PAT01884,1949,Female
PAT01885,1997,Female
PAT01886,1946,Female
PAT01887,1965,Female
PAT01888,1953,Male
PAT01889,1952,Female
PAT01890,1953,Male
PAT01891,1943,Female
PAT01892,2002,Male
PAT01893,1944,Male
PAT01894,1970,Male
PAT01895,1993,Female
PAT01896,2015,Male
PAT01897,2004,Male
PAT01898,1950,Male
PAT01899,2015,Female
PAT01900,1989,Female
PAT01901,1953,Female
PAT01902,1974,Male
PAT01903,2009,Male
PAT01904,1969,Female
PAT01905,1953,Male
PAT01906,2006,Male
PAT01907,2012,Female
PAT01908,2014,Female
PAT01909,2012,Male
PAT01910,2006,Male
PAT01911,1974,Female
PAT01912,1954,Male
PAT01913,1986,Male
PAT01914,1956,Male
PAT01915,1975,Male
PAT01916,1989,Male
PAT01917,2011,Male
PAT01918,1961,Female
PAT01919,1959,Female
PAT01920,1995,Female
PAT01921,1940,Male
PAT01922,1983,Female
PAT01923,1996,Male
PAT01924,1981,Female
PAT01925,1969,Female
PAT01926,2002,Female
PAT01927,1968,Male
PAT01928,1994,Male
PAT01929,1975,Female
PAT01930,1942,Male
PAT01931,1980,Male
PAT01932,1943,Female
PAT01933,2010,Male
PAT01934,1985,Female
PAT01935,1968,Female
PAT01936,1976,Male
PAT01937,1987,Female
PAT01938,1959,Male
PAT01939,1961,Male
PAT01940,1971,Male
PAT01941,1959,Male
PAT01942,1997,Male
PAT01943,1947,Other/Unknown
PAT01944,2002,Female
PAT01945,1966,Female
PAT01946,1982,Male
PAT01947,1951,Female
PAT01948,1969,Female
PAT01949,1997,Female
PAT01950,1960,Male
PAT01951,1950,Female
PAT01952,1979,Female
PAT01953,1952,Female
PAT01954,1963,Female
PAT01955,1974,Male
PAT01956,1982,Female
PAT01957,1988,Male
PAT01958,1991,Male
PAT01959,2004,Female
PAT01960,1945,Male
PAT01961,1967,Male
PAT01962,1940,Male
PAT01963,1940,Female
PAT01964,1956,Female
PAT01965,1985,Other/Unknown
PAT01966,2007,Male
PAT01967,1998,Male
PAT01968,1989,Male
PAT01969,1999,Female
PAT01970,1953,Male
PAT01971,2003,Female
PAT01972,2007,Male
PAT01973,1947,Female
PAT01974,1975,Female
PAT01975,2003,Male
PAT01976,1976,Male
PAT01977,2003,Male
PAT01978,2011,Female
PAT01979,1976,Female
PAT01980,1944,Male
PAT01981,1965,Female
PAT01982,1956,Female
PAT01983,1976,Male
PAT01984,1984,Female
PAT01985,1975,Male
PAT01986,1954,Female
PAT01987,1962,Male
PAT01988,1991,Male
PAT01989,1942,Male
PAT01990,1956,Male
PAT01991,2007,Female
PAT01992,1947,Male
PAT01993,1971,Male
PAT01994,1955,Male
PAT01995,1947,Male
PAT01996,1972,Male
PAT01997,1979,Male
PAT01998,1953,Male
PAT01999,1945,Female
PAT02000,1950,Female
PAT02001,1989,Male
PAT02002,2005,Female
PAT02003,1953,Male
PAT02004,1964,Male
PAT02005,1966,Female
PAT02006,1967,Male
PAT02007,1958,Male
PAT02008,1944,Male
PAT02009,1979,Female
PAT02010,1967,Male
PAT02011,1966,Female
PAT02012,1960,Male
PAT02013,2010,Female
PAT02014,1986,Male
PAT02015,1971,Male
PAT02016,1955,Male
PAT02017,2000,Female
PAT02018,2007,Male
PAT02019,1942,Male
PAT02020,2010,Female
PAT02021,1993,Male
PAT02022,1947,Male
PAT02023,1997,Other/Unknown
PAT02024,1948,Male
PAT02025,1943,Male
PAT02026,1948,Male
PAT02027,1974,Male
PAT02028,1987,Female
PAT02029,1970,Male
PAT02030,1949,Male
PAT02031,1955,Male
PAT02032,2004,Male
PAT02033,2013,Female
PAT02034,1997,Female
PAT02035,1947,Female
PAT02036,2002,Female
PAT02037,1992,Female
PAT02038,1979,Female
PAT02039,1950,Male
PAT02040,2015,Female
PAT02041,1973,Female
PAT02042,1943,Female
PAT02043,1955,Female
PAT02044,1970,Female
PAT02045,1944,Male
PAT02046,1964,Male
PAT02047,1975,Female
PAT02048,2012,Male
PAT02049,1946,Female
PAT02050,1983,Female
PAT02051,2009,Male
PAT02052,2001,Male
PAT02053,2010,Male
PAT02054,1952,Female
PAT02055,2000,Female
PAT02056,2014,Female
PAT02057,1964,Female
PAT02058,1977,Other/Unknown
PAT02059,1980,Female
PAT02060,1977,Male
PAT02061,1962,Male
PAT02062,2013,Male
PAT02063,2012,Female
PAT02064,1968,Male
PAT02065,2001,Female
PAT02066,1970,Male
PAT02067,2000,Female
PAT02068,1984,Male
PAT02069,1975,Male
PAT02070,1949,Male
PAT02071,1989,Male
PAT02072,1964,Female
PAT02073,1956,Male
PAT02074,1954,Female
PAT02075,2014,Male
PAT02076,1947,Male
PAT02077,2000,Male
PAT02078,2005,Female
PAT02079,1942,Male
PAT02080,1984,Female
PAT02081,1983,Male
PAT02082,1967,Female
PAT02083,1990,Female
PAT02084,1971,Female
PAT02085,1973,Female
PAT02086,1972,Female
PAT02087,2000,Male
PAT02088,1988,Female
PAT02089,1968,Male
PAT02090,2010,Female
PAT02091,2000,Male
PAT02092,2010,Male
PAT02093,1995,Female
PAT02094,1969,Male
PAT02095,1998,Male
PAT02096,1965,Male
PAT02097,1960,Female
PAT02098,1974,Female
PAT02099,2013,Male
PAT02100,1983,Female
PAT02101,1969,Male
PAT02102,1975,Female
PAT02103,1962,Male
PAT02104,1990,Female
PAT02105,1966,Female
PAT02106,1982,Other/Unknown
PAT02107,1968,Male
PAT02108,1964,Male
PAT02109,2013,Male
PAT02110,1966,Female
PAT02111,1945,Female
PAT02112,1968,Female
PAT02113,1980,Female
PAT02114,1947,Female
PAT02115,1963,Male
PAT02116,1952,Female
PAT02117,1978,Female
PAT02118,1994,Female
PAT02119,2013,Female
PAT02120,1969,Female
PAT02121,2005,Male
PAT02122,1956,Female
PAT02123,1999,Male
PAT02124,1982,Male
PAT02125,1997,Male
PAT02126,1997,Male
PAT02127,1980,Female
PAT02128,1959,Female
PAT02129,1979,Female
PAT02130,2002,Male
PAT02131,2013,Male
PAT02132,2010,Female
PAT02133,1953,Female
PAT02134,1985,Male
PAT02135,1947,Male
PAT02136,1990,Male
PAT02137,2015,Male
PAT02138,1943,Male
PAT02139,1989,Male
PAT02140,2011,Female
PAT02141,2004,Female
PAT02142,1969,Male
PAT02143,1947,Male
PAT02144,2010,Female
PAT02145,2010,Male
PAT02146,1984,Female
PAT02147,2014,Male
PAT02148,1940,Female
PAT02149,1986,Male
PAT02150,1942,Male
PAT02151,2011,Female
PAT02152,1991,Female
PAT02153,2009,Male
PAT02154,1982,Female
PAT02155,1946,Female
PAT02156,1942,Male
PAT02157,1965,Female
PAT02158,1996,Female
PAT02159,1951,Female
PAT02160,2004,Male
PAT02161,1958,Female
PAT02162,1977,Female
PAT02163,1955,Female
PAT02164,1975,Female
PAT02165,1974,Female
PAT02166,1940,Female
PAT02167,1983,Female
PAT02168,1999,Female
PAT02169,2011,Male
PAT02170,1965,Female
PAT02171,2006,Female
PAT02172,2006,Male
PAT02173,2015,Male
PAT02174,1968,Male
PAT02175,2004,Female
PAT02176,1982,Female
PAT02177,1944,Female
PAT02178,1960,Female
PAT02179,1991,Female
PAT02180,1952,Male
PAT02181,1973,Female
PAT02182,1998,Male
PAT02183,1951,Female
PAT02184,1977,Female
PAT02185,1956,Male
PAT02186,1980,Male
PAT02187,1958,Female
PAT02188,2013,Male
PAT02189,1945,Female
PAT02190,2013,Female
PAT02191,2000,Male
PAT02192,2005,Female
PAT02193,2004,Female
PAT02194,1954,Female
PAT02195,2010,Female
PAT02196,1985,Female
PAT02197,2013,Female
PAT02198,2006,Male
PAT02199,1984,Male
PAT02200,1968,Female
PAT02201,1948,Female
PAT02202,1947,Male
PAT02203,1969,Female
PAT02204,2001,Male
PAT02205,1978,Male
PAT02206,1976,Female
PAT02207,1958,Female
PAT02208,1982,Female
PAT02209,1988,Female
PAT02210,2014,Female
PAT02211,1995,Male
PAT02212,1986,Female
PAT02213,2009,Male
PAT02214,1972,Male
PAT02215,2011,Female
PAT02216,1968,Female
PAT02217,1949,Female
PAT02218,1971,Male
PAT02219,1949,Female
PAT02220,1948,Male
PAT02221,2006,Male
PAT02222,2000,Male
PAT02223,1956,Other/Unknown
PAT02224,2003,Male
PAT02225,1945,Male
PAT02226,1961,Male
PAT02227,1993,Male
PAT02228,1963,Male
PAT02229,1995,Male
PAT02230,2006,Female
PAT02231,1945,Male
PAT02232,1941,Male
PAT02233,2011,Male
PAT02234,1979,Female
PAT02235,1978,Male
PAT02236,1975,Male
PAT02237,1972,Male
PAT02238,1992,Female
PAT02239,1984,Male
PAT02240,1952,Male
PAT02241,1987,Male
PAT02242,1990,Male
PAT02243,1948,Male
PAT02244,1968,Male
PAT02245,2000,Female
PAT02246,1987,Male
PAT02247,1950,Female
PAT02248,1943,Male
PAT02249,1984,Male
PAT02250,1975,Female
PAT02251,2013,Female
PAT02252,1979,Female
PAT02253,2010,Male
PAT02254,1956,Male
PAT02255,1973,Female
PAT02256,1950,Male
PAT02257,1983,Female
PAT02258,1954,Male
PAT02259,1977,Female
PAT02260,1966,Female
PAT02261,1954,Female
PAT02262,1947,Male
PAT02263,1978,Female
PAT02264,2011,Male
PAT02265,1955,Female
PAT02266,1970,Female
PAT02267,1957,Female
PAT02268,2001,Female
PAT02269,1971,Male
PAT02270,2014,Female
PAT02271,1958,Other/Unknown
PAT02272,1946,Female
PAT02273,1984,Female
PAT02274,1989,Female
PAT02275,2015,Female
PAT02276,2006,Male
PAT02277,2007,Male
PAT02278,1988,Female
PAT02279,1967,Male
PAT02280,1972,Male
PAT02281,1950,Male
PAT02282,1972,Male
PAT02283,1967,Male
PAT02284,1942,Male
PAT02285,1955,Male
PAT02286,1980,Female
PAT02287,1968,Male
PAT02288,2015,Female
PAT02289,1976,Male
PAT02290,2012,Male
PAT02291,1990,Female
PAT02292,1943,Male
PAT02293,1955,Male
PAT02294,1993,Female
PAT02295,1981,Male
PAT02296,1962,Male
PAT02297,1979,Male
PAT02298,2008,Female
PAT02299,1969,Female
PAT02300,1943,Male
PAT02301,1963,Female
PAT02302,2011,Female
PAT02303,1997,Female
PAT02304,2003,Female
PAT02305,2009,Male
PAT02306,1948,Male
PAT02307,1961,Male
PAT02308,1944,Male
PAT02309,1940,Female
PAT02310,2003,Female
PAT02311,2011,Female
PAT02312,1951,Female
PAT02313,1994,Female
PAT02314,1980,Female
PAT02315,1945,Female
PAT02316,2009,Female
PAT02317,2006,Male
PAT02318,1983,Male
PAT02319,1993,Male
PAT02320,1970,Male
PAT02321,2000,Male
PAT02322,1973,Female
PAT02323,2015,Male
PAT02324,1944,Female
PAT02325,1953,Female
PAT02326,2013,Female
PAT02327,1961,Female
PAT02328,1963,Female
PAT02329,2000,Male
PAT02330,1954,Male
PAT02331,1979,Male
PAT02332,1961,Male
PAT02333,1955,Male
PAT02334,2013,Female
PAT02335,1955,Male
PAT02336,1947,Male
PAT02337,1991,Female
PAT02338,2005,Female
PAT02339,1949,Male
PAT02340,1993,Male
PAT02341,1981,Female
PAT02342,2003,Male
PAT02343,1949,Female
PAT02344,2014,Female
PAT02345,1987,Female
PAT02346,2004,Female
PAT02347,1967,Male
PAT02348,2011,Female
PAT02349,1987,Male
PAT02350,1949,Female
PAT02351,2010,Male
PAT02352,2000,Male
PAT02353,1962,Male
PAT02354,1981,Male
PAT02355,1969,Male
PAT02356,1981,Female
PAT02357,2013,Male
PAT02358,2008,Male
PAT02359,1956,Female
PAT02360,2013,Female
PAT02361,1973,Female
PAT02362,1993,Female
PAT02363,1998,Female
PAT02364,1976,Female
PAT02365,1974,Male
PAT02366,1974,Female
PAT02367,2005,Male
PAT02368,1969,Female
PAT02369,1961,Male
PAT02370,1967,Female
PAT02371,1954,Female
PAT02372,1969,Female
PAT02373,1948,Male
PAT02374,1946,Female
PAT02375,1995,Male
PAT02376,1945,Female
PAT02377,1983,Male
PAT02378,1999,Female
PAT02379,1995,Male
PAT02380,1973,Female
PAT02381,1954,Female
PAT02382,2010,Female
PAT02383,2003,Female
PAT02384,1986,Female
PAT02385,1946,Other/Unknown
PAT02386,1942,Female
PAT02387,1963,Female
PAT02388,1951,Male
PAT02389,2005,Female
PAT02390,1955,Female
PAT02391,1961,Male
PAT02392,2014,Male
PAT02393,2002,Male
PAT02394,1956,Female
PAT02395,1969,Male
PAT02396,1979,Female
PAT02397,1990,Other/Unknown
PAT02398,2011,Male
PAT02399,2006,Male
PAT02400,2014,Female
PAT02401,1943,Female
PAT02402,1957,Male
PAT02403,1982,Male
PAT02404,1943,Male
PAT02405,1967,Male
PAT02406,1951,Male
PAT02407,2010,Female
PAT02408,1944,Female
PAT02409,1951,Female
PAT02410,1954,Female
PAT02411,1951,Female
PAT02412,1983,Male
PAT02413,1967,Male
PAT02414,2009,Male
PAT02415,1959,Female
PAT02416,1980,Male
PAT02417,1990,Male
PAT02418,1987,Male
PAT02419,2000,Male
PAT02420,1955,Male
PAT02421,1978,Male
PAT02422,2000,Female
PAT02423,2005,Male
PAT02424,1986,Female
PAT02425,1989,Female
PAT02426,2005,Female
PAT02427,1987,Male
PAT02428,2012,Male
PAT02429,1949,Male
PAT02430,1966,Female
PAT02431,1948,Female
PAT02432,1946,Male
PAT02433,1975,Female
PAT02434,1957,Male
PAT02435,1970,Female
PAT02436,1973,Male
PAT02437,1987,Male
PAT02438,2011,Male
PAT02439,2004,Female
PAT02440,1968,Male
PAT02441,1964,Male
PAT02442,1998,Male
PAT02443,1949,Male
PAT02444,1981,Female
PAT02445,1972,Female
PAT02446,1953,Female
PAT02447,1986,Female
PAT02448,1964,Male
PAT02449,1954,Female
PAT02450,1989,Female
PAT02451,1953,Female
PAT02452,1991,Female
PAT02453,1952,Female
PAT02454,1973,Male
PAT02455,2001,Female
PAT02456,1957,Male
PAT02457,1998,Female
PAT02458,1994,Female
PAT02459,2008,Male
PAT02460,1952,Female
PAT02461,1994,Female
PAT02462,2011,Male
PAT02463,1997,Male
PAT02464,1954,Male
PAT02465,2002,Female
PAT02466,1948,Male
PAT02467,1984,Other/Unknown
PAT02468,1977,Male
PAT02469,1980,Female
PAT02470,1979,Female
PAT02471,1942,Female
PAT02472,1978,Female
PAT02473,2011,Male
PAT02474,1973,Female
PAT02475,1961,Female
PAT02476,2015,Female
PAT02477,1947,Female
PAT02478,1976,Female
PAT02479,1978,Female
PAT02480,1976,Female
PAT02481,2010,Male
PAT02482,1972,Female
PAT02483,2013,Male
PAT02484,1945,Female
PAT02485,1995,Female
PAT02486,1985,Female
PAT02487,1958,Female
PAT02488,1957,Female
PAT02489,1994,Female
PAT02490,1988,Male
PAT02491,1986,Female
PAT02492,1943,Female
PAT02493,1985,Male
PAT02494,2014,Female
PAT02495,1941,Female
PAT02496,1975,Female
PAT02497,1977,Female
PAT02498,2008,Female
PAT02499,1961,Other/Unknown
PAT02500,1976,Other/Unknown
